{
  "project_info": {
    "project_number": "968786528549",
    "firebase_url": "https://alfahybrid-546c6.firebaseio.com",
    "project_id": "alfahybrid-546c6",
    "storage_bucket": "alfahybrid-546c6.appspot.com"
  },
  "client": [
    {
      "client_info": {
        "mobilesdk_app_id": "1:968786528549:android:4961efb08710866e",
        "android_client_info": {
          "package_name": "com.example.anu.newapplication"
        }
      },
      "oauth_client": [
        {
          "client_id": "968786528549-t7h269etfihop0a9khdsh5qtess4eqf3.apps.googleusercontent.com",
          "client_type": 3
        },
        {
          "client_id": "968786528549-t7h269etfihop0a9khdsh5qtess4eqf3.apps.googleusercontent.com",
          "client_type": 3
        }
      ],
      "api_key": [
        {
          "current_key": "AIzaSyDgYibzFBPDHd4OVj_rnm8qqmXqGSWDQs8"
        }
      ],
      "services": {
        "analytics_service": {
          "status": 1
        },
        "appinvite_service": {
          "status": 1,
          "other_platform_oauth_client": []
        },
        "ads_service": {
          "status": 2
        }
      }
    },
    {
      "client_info": {
        "mobilesdk_app_id": "1:968786528549:android:c21428cd0711765f",
        "android_client_info": {
          "package_name": "com.example.sundarnivash.billingapp"
        }
      },
      "oauth_client": [
        {
          "client_id": "968786528549-t7h269etfihop0a9khdsh5qtess4eqf3.apps.googleusercontent.com",
          "client_type": 3
        },
        {
          "client_id": "968786528549-t7h269etfihop0a9khdsh5qtess4eqf3.apps.googleusercontent.com",
          "client_type": 3
        }
      ],
      "api_key": [
        {
          "current_key": "AIzaSyDgYibzFBPDHd4OVj_rnm8qqmXqGSWDQs8"
        }
      ],
      "services": {
        "analytics_service": {
          "status": 1
        },
        "appinvite_service": {
          "status": 1,
          "other_platform_oauth_client": []
        },
        "ads_service": {
          "status": 2
        }
      }
    },
    {
      "client_info": {
        "mobilesdk_app_id": "1:968786528549:android:72918b6d4ece760e",
        "android_client_info": {
          "package_name": "com.example.sundarnivash.continuously_tracking"
        }
      },
      "oauth_client": [
        {
          "client_id": "968786528549-t7h269etfihop0a9khdsh5qtess4eqf3.apps.googleusercontent.com",
          "client_type": 3
        },
        {
          "client_id": "968786528549-t7h269etfihop0a9khdsh5qtess4eqf3.apps.googleusercontent.com",
          "client_type": 3
        }
      ],
      "api_key": [
        {
          "current_key": "AIzaSyDgYibzFBPDHd4OVj_rnm8qqmXqGSWDQs8"
        }
      ],
      "services": {
        "analytics_service": {
          "status": 1
        },
        "appinvite_service": {
          "status": 1,
          "other_platform_oauth_client": []
        },
        "ads_service": {
          "status": 2
        }
      }
    },
    {
      "client_info": {
        "mobilesdk_app_id": "1:968786528549:android:d0130d293537a7e7",
        "android_client_info": {
          "package_name": "com.example.sundarnivash.employeepages"
        }
      },
      "oauth_client": [
        {
          "client_id": "968786528549-prkv10ss903kgmjqa5thl9tvv96lab7b.apps.googleusercontent.com",
          "client_type": 1,
          "android_info": {
            "package_name": "com.example.sundarnivash.employeepages",
            "certificate_hash": "ea8ae71cd6db704172c16a6a3ef49f16741ae95e"
          }
        },
        {
          "client_id": "968786528549-t7h269etfihop0a9khdsh5qtess4eqf3.apps.googleusercontent.com",
          "client_type": 3
        },
        {
          "client_id": "968786528549-t7h269etfihop0a9khdsh5qtess4eqf3.apps.googleusercontent.com",
          "client_type": 3
        }
      ],
      "api_key": [
        {
          "current_key": "AIzaSyDgYibzFBPDHd4OVj_rnm8qqmXqGSWDQs8"
        }
      ],
      "services": {
        "analytics_service": {
          "status": 1
        },
        "appinvite_service": {
          "status": 2,
          "other_platform_oauth_client": [
            {
              "client_id": "968786528549-t7h269etfihop0a9khdsh5qtess4eqf3.apps.googleusercontent.com",
              "client_type": 3
            }
          ]
        },
        "ads_service": {
          "status": 2
        }
      }
    },
    {
      "client_info": {
        "mobilesdk_app_id": "1:968786528549:android:14d5fe8e5491b33e",
        "android_client_info": {
          "package_name": "com.example.vadeindia.employees"
        }
      },
      "oauth_client": [
        {
          "client_id": "968786528549-t7h269etfihop0a9khdsh5qtess4eqf3.apps.googleusercontent.com",
          "client_type": 3
        },
        {
          "client_id": "968786528549-t7h269etfihop0a9khdsh5qtess4eqf3.apps.googleusercontent.com",
          "client_type": 3
        }
      ],
      "api_key": [
        {
          "current_key": "AIzaSyDgYibzFBPDHd4OVj_rnm8qqmXqGSWDQs8"
        }
      ],
      "services": {
        "analytics_service": {
          "status": 1
        },
        "appinvite_service": {
          "status": 1,
          "other_platform_oauth_client": []
        },
        "ads_service": {
          "status": 2
        }
      }
    },
    {
      "client_info": {
        "mobilesdk_app_id": "1:968786528549:android:256759aadf0f07d0",
        "android_client_info": {
          "package_name": "com.example.vinitas.employeepagesincentives"
        }
      },
      "oauth_client": [
        {
          "client_id": "968786528549-t7h269etfihop0a9khdsh5qtess4eqf3.apps.googleusercontent.com",
          "client_type": 3
        },
        {
          "client_id": "968786528549-t7h269etfihop0a9khdsh5qtess4eqf3.apps.googleusercontent.com",
          "client_type": 3
        }
      ],
      "api_key": [
        {
          "current_key": "AIzaSyDgYibzFBPDHd4OVj_rnm8qqmXqGSWDQs8"
        }
      ],
      "services": {
        "analytics_service": {
          "status": 1
        },
        "appinvite_service": {
          "status": 1,
          "other_platform_oauth_client": []
        },
        "ads_service": {
          "status": 2
        }
      }
    },
    {
      "client_info": {
        "mobilesdk_app_id": "1:968786528549:android:7e5e69cf8ac5bf45",
        "android_client_info": {
          "package_name": "com.example.vinitas.inventory_app"
        }
      },
      "oauth_client": [
        {
          "client_id": "968786528549-t7h269etfihop0a9khdsh5qtess4eqf3.apps.googleusercontent.com",
          "client_type": 3
        },
        {
          "client_id": "968786528549-t7h269etfihop0a9khdsh5qtess4eqf3.apps.googleusercontent.com",
          "client_type": 3
        }
      ],
      "api_key": [
        {
          "current_key": "AIzaSyDgYibzFBPDHd4OVj_rnm8qqmXqGSWDQs8"
        }
      ],
      "services": {
        "analytics_service": {
          "status": 1
        },
        "appinvite_service": {
          "status": 1,
          "other_platform_oauth_client": []
        },
        "ads_service": {
          "status": 2
        }
      }
    },
    {
      "client_info": {
        "mobilesdk_app_id": "1:968786528549:android:4e0994d73b7fb851",
        "android_client_info": {
          "package_name": "com.example.vinitasstock.access"
        }
      },
      "oauth_client": [
        {
          "client_id": "968786528549-t7h269etfihop0a9khdsh5qtess4eqf3.apps.googleusercontent.com",
          "client_type": 3
        },
        {
          "client_id": "968786528549-t7h269etfihop0a9khdsh5qtess4eqf3.apps.googleusercontent.com",
          "client_type": 3
        }
      ],
      "api_key": [
        {
          "current_key": "AIzaSyDgYibzFBPDHd4OVj_rnm8qqmXqGSWDQs8"
        }
      ],
      "services": {
        "analytics_service": {
          "status": 1
        },
        "appinvite_service": {
          "status": 1,
          "other_platform_oauth_client": []
        },
        "ads_service": {
          "status": 2
        }
      }
    },
    {
      "client_info": {
        "mobilesdk_app_id": "1:968786528549:android:52a7e9a53fa55f4d",
        "android_client_info": {
          "package_name": "com.example.vinitasstock.accesscontrol"
        }
      },
      "oauth_client": [
        {
          "client_id": "968786528549-t7h269etfihop0a9khdsh5qtess4eqf3.apps.googleusercontent.com",
          "client_type": 3
        },
        {
          "client_id": "968786528549-t7h269etfihop0a9khdsh5qtess4eqf3.apps.googleusercontent.com",
          "client_type": 3
        }
      ],
      "api_key": [
        {
          "current_key": "AIzaSyDgYibzFBPDHd4OVj_rnm8qqmXqGSWDQs8"
        }
      ],
      "services": {
        "analytics_service": {
          "status": 1
        },
        "appinvite_service": {
          "status": 1,
          "other_platform_oauth_client": []
        },
        "ads_service": {
          "status": 2
        }
      }
    }
  ],
  "configuration_version": "1"
}